SKU,Region,Date,Units Sold,Source File
SKU001,Central,2026-08-03,8,planner_export_central_week32.csv
SKU002,Central,2026-08-03,5,planner_export_central_week32.csv
SKU003,Central,2026-08-03,21,planner_export_central_week32.csv
SKU005,Central,2026-08-03,10,planner_export_central_week32.csv
SKU006,Central,2026-08-03,9,planner_export_central_week32.csv
SKU007,Central,2026-08-03,32,planner_export_central_week32.csv
SKU008,Central,2026-08-03,3,planner_export_central_week32.csv
SKU001,East,2026-08-03,9,planner_export_east_week32.csv
SKU002,East,2026-08-03,10,planner_export_east_week32.csv
SKU003,East,2026-08-03,21,planner_export_east_week32.csv
SKU004,East,2026-08-03,5,planner_export_east_week32.csv
SKU005,East,2026-08-03,21,planner_export_east_week32.csv
SKU006,East,2026-08-03,8,planner_export_east_week32.csv
SKU007,East,2026-08-03,8,planner_export_east_week32.csv
SKU008,East,2026-08-03,5,planner_export_east_week32.csv
SKU001,North,2026-08-03,11,planner_export_north_week32.xlsx
SKU002,North,2026-08-03,9,planner_export_north_week32.xlsx
SKU003,North,2026-08-03,19,planner_export_north_week32.xlsx
SKU004,North,2026-08-03,5,planner_export_north_week32.xlsx
SKU005,North,2026-08-03,11,planner_export_north_week32.xlsx
SKU006,North,2026-08-03,8,planner_export_north_week32.xlsx
SKU007,North,2026-08-03,33,planner_export_north_week32.xlsx
SKU008,North,2026-08-03,7,planner_export_north_week32.xlsx
SKU001,South,2026-08-03,7,planner_export_south_week32.csv
SKU002,South,2026-08-03,8,planner_export_south_week32.csv
SKU003,South,2026-08-03,19,planner_export_south_week32.csv
SKU004,South,2026-08-03,5,planner_export_south_week32.csv
SKU005,South,2026-08-03,21,planner_export_south_week32.csv
SKU006,South,2026-08-03,6,planner_export_south_week32.csv
SKU007,South,2026-08-03,34,planner_export_south_week32.csv
SKU008,South,2026-08-03,4,planner_export_south_week32.csv
SKU001,West,2026-08-03,5,planner_export_west_week32.xlsx
SKU002,West,2026-08-03,10,planner_export_west_week32.xlsx
SKU003,West,2026-08-03,22,planner_export_west_week32.xlsx
SKU004,West,2026-08-03,4,planner_export_west_week32.xlsx
SKU005,West,2026-08-03,21,planner_export_west_week32.xlsx
SKU007,West,2026-08-03,14,planner_export_west_week32.xlsx
SKU008,West,2026-08-03,5,planner_export_west_week32.xlsx
SKU001,Central,2026-08-04,14,planner_export_central_week32.csv
SKU002,Central,2026-08-04,5,planner_export_central_week32.csv
SKU003,Central,2026-08-04,27,planner_export_central_week32.csv
SKU004,Central,2026-08-04,4,planner_export_central_week32.csv
SKU005,Central,2026-08-04,14,planner_export_central_week32.csv
SKU006,Central,2026-08-04,7,planner_export_central_week32.csv
SKU007,Central,2026-08-04,29,planner_export_central_week32.csv
SKU008,Central,2026-08-04,6,planner_export_central_week32.csv
SKU001,East,2026-08-04,5,planner_export_east_week32.csv
SKU002,East,2026-08-04,10,planner_export_east_week32.csv
SKU003,East,2026-08-04,22,planner_export_east_week32.csv
SKU004,East,2026-08-04,4,planner_export_east_week32.csv
SKU005,East,2026-08-04,15,planner_export_east_week32.csv
SKU006,East,2026-08-04,11,planner_export_east_week32.csv
SKU007,East,2026-08-04,26,planner_export_east_week32.csv
SKU008,East,2026-08-04,8,planner_export_east_week32.csv
SKU001,North,2026-08-04,16,planner_export_north_week32.xlsx
SKU002,North,2026-08-04,9,planner_export_north_week32.xlsx
SKU003,North,2026-08-04,22,planner_export_north_week32.xlsx
SKU004,North,2026-08-04,5,planner_export_north_week32.xlsx
SKU005,North,2026-08-04,8,planner_export_north_week32.xlsx
SKU006,North,2026-08-04,11,planner_export_north_week32.xlsx
SKU007,North,2026-08-04,29,planner_export_north_week32.xlsx
SKU008,North,2026-08-04,7,planner_export_north_week32.xlsx
SKU001,South,2026-08-04,9,planner_export_south_week32.csv
SKU002,South,2026-08-04,10,planner_export_south_week32.csv
SKU003,South,2026-08-04,27,planner_export_south_week32.csv
SKU004,South,2026-08-04,6,planner_export_south_week32.csv
SKU005,South,2026-08-04,17,planner_export_south_week32.csv
SKU006,South,2026-08-04,9,planner_export_south_week32.csv
SKU007,South,2026-08-04,26,planner_export_south_week32.csv
SKU008,South,2026-08-04,7,planner_export_south_week32.csv
SKU001,West,2026-08-04,13,planner_export_west_week32.xlsx
SKU002,West,2026-08-04,8,planner_export_west_week32.xlsx
SKU003,West,2026-08-04,18,planner_export_west_week32.xlsx
SKU004,West,2026-08-04,4,planner_export_west_week32.xlsx
SKU005,West,2026-08-04,25,planner_export_west_week32.xlsx
SKU006,West,2026-08-04,12,planner_export_west_week32.xlsx
SKU007,West,2026-08-04,16,planner_export_west_week32.xlsx
SKU008,West,2026-08-04,4,planner_export_west_week32.xlsx
SKU001,Central,2026-08-05,11,planner_export_central_week32.csv
SKU002,Central,2026-08-05,9,planner_export_central_week32.csv
SKU003,Central,2026-08-05,24,planner_export_central_week32.csv
SKU004,Central,2026-08-05,3,planner_export_central_week32.csv
SKU005,Central,2026-08-05,11,planner_export_central_week32.csv
SKU006,Central,2026-08-05,6,planner_export_central_week32.csv
SKU007,Central,2026-08-05,21,planner_export_central_week32.csv
SKU008,Central,2026-08-05,4,planner_export_central_week32.csv
SKU001,East,2026-08-05,12,planner_export_east_week32.csv
SKU002,East,2026-08-05,10,planner_export_east_week32.csv
SKU003,East,2026-08-05,29,planner_export_east_week32.csv
SKU004,East,2026-08-05,7,planner_export_east_week32.csv
SKU005,East,2026-08-05,12,planner_export_east_week32.csv
SKU006,East,2026-08-05,11,planner_export_east_week32.csv
SKU007,East,2026-08-05,11,planner_export_east_week32.csv
SKU008,East,2026-08-05,4,planner_export_east_week32.csv
SKU001,North,2026-08-05,6,planner_export_north_week32.xlsx
SKU002,North,2026-08-05,4,planner_export_north_week32.xlsx
SKU003,North,2026-08-05,15,planner_export_north_week32.xlsx
SKU004,North,2026-08-05,4,planner_export_north_week32.xlsx
SKU005,North,2026-08-05,16,planner_export_north_week32.xlsx
SKU006,North,2026-08-05,9,planner_export_north_week32.xlsx
SKU007,North,2026-08-05,29,planner_export_north_week32.xlsx
SKU008,North,2026-08-05,5,planner_export_north_week32.xlsx
SKU001,South,2026-08-05,11,planner_export_south_week32.csv
SKU002,South,2026-08-05,9,planner_export_south_week32.csv
SKU003,South,2026-08-05,23,planner_export_south_week32.csv
SKU004,South,2026-08-05,5,planner_export_south_week32.csv
SKU005,South,2026-08-05,18,planner_export_south_week32.csv
SKU006,South,2026-08-05,11,planner_export_south_week32.csv
SKU007,South,2026-08-05,40,planner_export_south_week32.csv
SKU008,South,2026-08-05,7,planner_export_south_week32.csv
SKU001,West,2026-08-05,18,planner_export_west_week32.xlsx
SKU002,West,2026-08-05,10,planner_export_west_week32.xlsx
SKU003,West,2026-08-05,31,planner_export_west_week32.xlsx
SKU004,West,2026-08-05,6,planner_export_west_week32.xlsx
SKU005,West,2026-08-05,11,planner_export_west_week32.xlsx
SKU006,West,2026-08-05,10,planner_export_west_week32.xlsx
SKU007,West,2026-08-05,9,planner_export_west_week32.xlsx
SKU008,West,2026-08-05,5,planner_export_west_week32.xlsx
SKU001,Central,2026-08-06,18,planner_export_central_week32.csv
SKU002,Central,2026-08-06,8,planner_export_central_week32.csv
SKU003,Central,2026-08-06,20,planner_export_central_week32.csv
SKU004,Central,2026-08-06,3,planner_export_central_week32.csv
SKU005,Central,2026-08-06,9,planner_export_central_week32.csv
SKU006,Central,2026-08-06,8,planner_export_central_week32.csv
SKU007,Central,2026-08-06,36,planner_export_central_week32.csv
SKU008,Central,2026-08-06,7,planner_export_central_week32.csv
SKU001,East,2026-08-06,5,planner_export_east_week32.csv
SKU002,East,2026-08-06,11,planner_export_east_week32.csv
SKU003,East,2026-08-06,13,planner_export_east_week32.csv
SKU004,East,2026-08-06,5,planner_export_east_week32.csv
SKU005,East,2026-08-06,14,planner_export_east_week32.csv
SKU006,East,2026-08-06,9,planner_export_east_week32.csv
SKU007,East,2026-08-06,21,planner_export_east_week32.csv
SKU008,East,2026-08-06,6,planner_export_east_week32.csv
SKU001,North,2026-08-06,13,planner_export_north_week32.xlsx
SKU002,North,2026-08-06,9,planner_export_north_week32.xlsx
SKU003,North,2026-08-06,16,planner_export_north_week32.xlsx
SKU004,North,2026-08-06,8,planner_export_north_week32.xlsx
SKU005,North,2026-08-06,18,planner_export_north_week32.xlsx
SKU006,North,2026-08-06,12,planner_export_north_week32.xlsx
SKU007,North,2026-08-06,20,planner_export_north_week32.xlsx
SKU008,North,2026-08-06,5,planner_export_north_week32.xlsx
SKU001,South,2026-08-06,10,planner_export_south_week32.csv
SKU002,South,2026-08-06,7,planner_export_south_week32.csv
SKU003,South,2026-08-06,20,planner_export_south_week32.csv
SKU004,South,2026-08-06,6,planner_export_south_week32.csv
SKU005,South,2026-08-06,13,planner_export_south_week32.csv
SKU006,South,2026-08-06,10,planner_export_south_week32.csv
SKU007,South,2026-08-06,39,planner_export_south_week32.csv
SKU008,South,2026-08-06,1,planner_export_south_week32.csv
SKU001,West,2026-08-06,12,planner_export_west_week32.xlsx
SKU002,West,2026-08-06,9,planner_export_west_week32.xlsx
SKU003,West,2026-08-06,16,planner_export_west_week32.xlsx
SKU004,West,2026-08-06,5,planner_export_west_week32.xlsx
SKU005,West,2026-08-06,17,planner_export_west_week32.xlsx
SKU006,West,2026-08-06,10,planner_export_west_week32.xlsx
SKU007,West,2026-08-06,30,planner_export_west_week32.xlsx
SKU008,West,2026-08-06,6,planner_export_west_week32.xlsx
SKU001,Central,2026-08-07,12,planner_export_central_week32.csv
SKU002,Central,2026-08-07,9,planner_export_central_week32.csv
SKU003,Central,2026-08-07,19,planner_export_central_week32.csv
SKU004,Central,2026-08-07,7,planner_export_central_week32.csv
SKU005,Central,2026-08-07,17,planner_export_central_week32.csv
SKU006,Central,2026-08-07,13,planner_export_central_week32.csv
SKU007,Central,2026-08-07,34,planner_export_central_week32.csv
SKU008,Central,2026-08-07,6,planner_export_central_week32.csv
SKU001,East,2026-08-07,18,planner_export_east_week32.csv
SKU002,East,2026-08-07,8,planner_export_east_week32.csv
SKU003,East,2026-08-07,23,planner_export_east_week32.csv
SKU004,East,2026-08-07,7,planner_export_east_week32.csv
SKU005,East,2026-08-07,14,planner_export_east_week32.csv
SKU006,East,2026-08-07,6,planner_export_east_week32.csv
SKU007,East,2026-08-07,21,planner_export_east_week32.csv
SKU008,East,2026-08-07,8,planner_export_east_week32.csv
SKU001,North,2026-08-07,11,planner_export_north_week32.xlsx
SKU002,North,2026-08-07,8,planner_export_north_week32.xlsx
SKU003,North,2026-08-07,24,planner_export_north_week32.xlsx
SKU004,North,2026-08-07,5,planner_export_north_week32.xlsx
SKU005,North,2026-08-07,13,planner_export_north_week32.xlsx
SKU006,North,2026-08-07,6,planner_export_north_week32.xlsx
SKU007,North,2026-08-07,21,planner_export_north_week32.xlsx
SKU008,North,2026-08-07,8,planner_export_north_week32.xlsx
SKU001,South,2026-08-07,8,planner_export_south_week32.csv
SKU002,South,2026-08-07,9,planner_export_south_week32.csv
SKU003,South,2026-08-07,22,planner_export_south_week32.csv
SKU004,South,2026-08-07,5,planner_export_south_week32.csv
SKU005,South,2026-08-07,13,planner_export_south_week32.csv
SKU006,South,2026-08-07,11,planner_export_south_week32.csv
SKU007,South,2026-08-07,27,planner_export_south_week32.csv
SKU008,South,2026-08-07,5,planner_export_south_week32.csv
SKU001,West,2026-08-07,11,planner_export_west_week32.xlsx
SKU002,West,2026-08-07,10,planner_export_west_week32.xlsx
SKU003,West,2026-08-07,20,planner_export_west_week32.xlsx
SKU004,West,2026-08-07,4,planner_export_west_week32.xlsx
SKU005,West,2026-08-07,12,planner_export_west_week32.xlsx
SKU006,West,2026-08-07,9,planner_export_west_week32.xlsx
SKU007,West,2026-08-07,24,planner_export_west_week32.xlsx
SKU008,West,2026-08-07,6,planner_export_west_week32.xlsx
SKU001,Central,2026-08-08,9,planner_export_central_week32.csv
SKU002,Central,2026-08-08,10,planner_export_central_week32.csv
SKU003,Central,2026-08-08,16,planner_export_central_week32.csv
SKU004,Central,2026-08-08,3,planner_export_central_week32.csv
SKU005,Central,2026-08-08,10,planner_export_central_week32.csv
SKU006,Central,2026-08-08,6,planner_export_central_week32.csv
SKU007,Central,2026-08-08,29,planner_export_central_week32.csv
SKU008,Central,2026-08-08,6,planner_export_central_week32.csv
SKU001,East,2026-08-08,6,planner_export_east_week32.csv
SKU002,East,2026-08-08,7,planner_export_east_week32.csv
SKU003,East,2026-08-08,26,planner_export_east_week32.csv
SKU004,East,2026-08-08,6,planner_export_east_week32.csv
SKU005,East,2026-08-08,15,planner_export_east_week32.csv
SKU006,East,2026-08-08,11,planner_export_east_week32.csv
SKU007,East,2026-08-08,26,planner_export_east_week32.csv
SKU008,East,2026-08-08,4,planner_export_east_week32.csv
SKU001,North,2026-08-08,9,planner_export_north_week32.xlsx
SKU002,North,2026-08-08,9,planner_export_north_week32.xlsx
SKU003,North,2026-08-08,23,planner_export_north_week32.xlsx
SKU004,North,2026-08-08,3,planner_export_north_week32.xlsx
SKU005,North,2026-08-08,15,planner_export_north_week32.xlsx
SKU006,North,2026-08-08,13,planner_export_north_week32.xlsx
SKU007,North,2026-08-08,10,planner_export_north_week32.xlsx
SKU008,North,2026-08-08,5,planner_export_north_week32.xlsx
SKU001,South,2026-08-08,21,planner_export_south_week32.csv
SKU002,South,2026-08-08,9,planner_export_south_week32.csv
SKU003,South,2026-08-08,17,planner_export_south_week32.csv
SKU004,South,2026-08-08,5,planner_export_south_week32.csv
SKU005,South,2026-08-08,14,planner_export_south_week32.csv
SKU006,South,2026-08-08,9,planner_export_south_week32.csv
SKU007,South,2026-08-08,5,planner_export_south_week32.csv
SKU008,South,2026-08-08,5,planner_export_south_week32.csv
SKU001,West,2026-08-08,12,planner_export_west_week32.xlsx
SKU002,West,2026-08-08,8,planner_export_west_week32.xlsx
SKU003,West,2026-08-08,19,planner_export_west_week32.xlsx
SKU004,West,2026-08-08,3,planner_export_west_week32.xlsx
SKU005,West,2026-08-08,17,planner_export_west_week32.xlsx
SKU006,West,2026-08-08,12,planner_export_west_week32.xlsx
SKU007,West,2026-08-08,28,planner_export_west_week32.xlsx
SKU008,West,2026-08-08,6,planner_export_west_week32.xlsx
SKU001,Central,2026-08-09,12,planner_export_central_week32.csv
SKU002,Central,2026-08-09,12,planner_export_central_week32.csv
SKU003,Central,2026-08-09,17,planner_export_central_week32.csv
SKU004,Central,2026-08-09,7,planner_export_central_week32.csv
SKU005,Central,2026-08-09,17,planner_export_central_week32.csv
SKU006,Central,2026-08-09,9,planner_export_central_week32.csv
SKU007,Central,2026-08-09,24,planner_export_central_week32.csv
SKU008,Central,2026-08-09,9,planner_export_central_week32.csv
SKU001,East,2026-08-09,6,planner_export_east_week32.csv
SKU002,East,2026-08-09,6,planner_export_east_week32.csv
SKU003,East,2026-08-09,26,planner_export_east_week32.csv
SKU004,East,2026-08-09,4,planner_export_east_week32.csv
SKU005,East,2026-08-09,11,planner_export_east_week32.csv
SKU006,East,2026-08-09,7,planner_export_east_week32.csv
SKU007,East,2026-08-09,14,planner_export_east_week32.csv
SKU008,East,2026-08-09,6,planner_export_east_week32.csv
SKU001,North,2026-08-09,12,planner_export_north_week32.xlsx
SKU002,North,2026-08-09,6,planner_export_north_week32.xlsx
SKU003,North,2026-08-09,23,planner_export_north_week32.xlsx
SKU004,North,2026-08-09,5,planner_export_north_week32.xlsx
SKU005,North,2026-08-09,8,planner_export_north_week32.xlsx
SKU006,North,2026-08-09,11,planner_export_north_week32.xlsx
SKU007,North,2026-08-09,30,planner_export_north_week32.xlsx
SKU008,North,2026-08-09,8,planner_export_north_week32.xlsx
SKU001,South,2026-08-09,16,planner_export_south_week32.csv
SKU002,South,2026-08-09,5,planner_export_south_week32.csv
SKU003,South,2026-08-09,20,planner_export_south_week32.csv
SKU004,South,2026-08-09,6,planner_export_south_week32.csv
SKU005,South,2026-08-09,19,planner_export_south_week32.csv
SKU006,South,2026-08-09,13,planner_export_south_week32.csv
SKU007,South,2026-08-09,12,planner_export_south_week32.csv
SKU008,South,2026-08-09,5,planner_export_south_week32.csv
SKU001,West,2026-08-09,14,planner_export_west_week32.xlsx
SKU002,West,2026-08-09,6,planner_export_west_week32.xlsx
SKU003,West,2026-08-09,9,planner_export_west_week32.xlsx
SKU004,West,2026-08-09,5,planner_export_west_week32.xlsx
SKU005,West,2026-08-09,11,planner_export_west_week32.xlsx
SKU006,West,2026-08-09,11,planner_export_west_week32.xlsx
SKU007,West,2026-08-09,17,planner_export_west_week32.xlsx
SKU008,West,2026-08-09,1,planner_export_west_week32.xlsx
SKU001,Central,2026-08-10,10,planner_export_central_week32.csv
SKU002,Central,2026-08-10,5,planner_export_central_week32.csv
SKU003,Central,2026-08-10,18,planner_export_central_week32.csv
SKU004,Central,2026-08-10,7,planner_export_central_week32.csv
SKU005,Central,2026-08-10,10,planner_export_central_week32.csv
SKU006,Central,2026-08-10,10,planner_export_central_week32.csv
SKU007,Central,2026-08-10,37,planner_export_central_week32.csv
SKU008,Central,2026-08-10,9,planner_export_central_week32.csv
SKU001,East,2026-08-10,8,planner_export_east_week32.csv
SKU002,East,2026-08-10,9,planner_export_east_week32.csv
SKU003,East,2026-08-10,6,planner_export_east_week32.csv
SKU004,East,2026-08-10,5,planner_export_east_week32.csv
SKU005,East,2026-08-10,12,planner_export_east_week32.csv
SKU006,East,2026-08-10,4,planner_export_east_week32.csv
SKU007,East,2026-08-10,30,planner_export_east_week32.csv
SKU008,East,2026-08-10,6,planner_export_east_week32.csv
SKU001,North,2026-08-10,17,planner_export_north_week32.xlsx
SKU002,North,2026-08-10,9,planner_export_north_week32.xlsx
SKU003,North,2026-08-10,21,planner_export_north_week32.xlsx
SKU004,North,2026-08-10,3,planner_export_north_week32.xlsx
SKU005,North,2026-08-10,18,planner_export_north_week32.xlsx
SKU006,North,2026-08-10,7,planner_export_north_week32.xlsx
SKU007,North,2026-08-10,22,planner_export_north_week32.xlsx
SKU008,North,2026-08-10,4,planner_export_north_week32.xlsx
SKU001,South,2026-08-10,11,planner_export_south_week32.csv
SKU002,South,2026-08-10,9,planner_export_south_week32.csv
SKU003,South,2026-08-10,27,planner_export_south_week32.csv
SKU004,South,2026-08-10,1,planner_export_south_week32.csv
SKU005,South,2026-08-10,20,planner_export_south_week32.csv
SKU006,South,2026-08-10,5,planner_export_south_week32.csv
SKU007,South,2026-08-10,30,planner_export_south_week32.csv
SKU008,South,2026-08-10,3,planner_export_south_week32.csv
SKU001,West,2026-08-10,8,planner_export_west_week32.xlsx
SKU002,West,2026-08-10,12,planner_export_west_week32.xlsx
SKU003,West,2026-08-10,18,planner_export_west_week32.xlsx
SKU004,West,2026-08-10,3,planner_export_west_week32.xlsx
SKU005,West,2026-08-10,12,planner_export_west_week32.xlsx
SKU006,West,2026-08-10,10,planner_export_west_week32.xlsx
SKU007,West,2026-08-10,29,planner_export_west_week32.xlsx
SKU008,West,2026-08-10,6,planner_export_west_week32.xlsx
SKU001,Central,2026-08-11,15,planner_export_central_week32.csv
SKU002,Central,2026-08-11,14,planner_export_central_week32.csv
SKU003,Central,2026-08-11,21,planner_export_central_week32.csv
SKU004,Central,2026-08-11,5,planner_export_central_week32.csv
SKU005,Central,2026-08-11,7,planner_export_central_week32.csv
SKU006,Central,2026-08-11,10,planner_export_central_week32.csv
SKU007,Central,2026-08-11,33,planner_export_central_week32.csv
SKU008,Central,2026-08-11,6,planner_export_central_week32.csv
SKU001,East,2026-08-11,4,planner_export_east_week32.csv
SKU002,East,2026-08-11,6,planner_export_east_week32.csv
SKU003,East,2026-08-11,22,planner_export_east_week32.csv
SKU004,East,2026-08-11,4,planner_export_east_week32.csv
SKU005,East,2026-08-11,19,planner_export_east_week32.csv
SKU006,East,2026-08-11,11,planner_export_east_week32.csv
SKU007,East,2026-08-11,30,planner_export_east_week32.csv
SKU008,East,2026-08-11,7,planner_export_east_week32.csv
SKU001,North,2026-08-11,9,planner_export_north_week32.xlsx
SKU002,North,2026-08-11,7,planner_export_north_week32.xlsx
SKU003,North,2026-08-11,28,planner_export_north_week32.xlsx
SKU004,North,2026-08-11,2,planner_export_north_week32.xlsx
SKU005,North,2026-08-11,8,planner_export_north_week32.xlsx
SKU006,North,2026-08-11,10,planner_export_north_week32.xlsx
SKU007,North,2026-08-11,36,planner_export_north_week32.xlsx
SKU008,North,2026-08-11,7,planner_export_north_week32.xlsx
SKU001,South,2026-08-11,13,planner_export_south_week32.csv
SKU002,South,2026-08-11,11,planner_export_south_week32.csv
SKU003,South,2026-08-11,19,planner_export_south_week32.csv
SKU004,South,2026-08-11,5,planner_export_south_week32.csv
SKU005,South,2026-08-11,19,planner_export_south_week32.csv
SKU006,South,2026-08-11,9,planner_export_south_week32.csv
SKU007,South,2026-08-11,24,planner_export_south_week32.csv
SKU008,South,2026-08-11,9,planner_export_south_week32.csv
SKU001,West,2026-08-11,17,planner_export_west_week32.xlsx
SKU003,West,2026-08-11,20,planner_export_west_week32.xlsx
SKU004,West,2026-08-11,6,planner_export_west_week32.xlsx
SKU005,West,2026-08-11,22,planner_export_west_week32.xlsx
SKU006,West,2026-08-11,12,planner_export_west_week32.xlsx
SKU007,West,2026-08-11,33,planner_export_west_week32.xlsx
SKU008,West,2026-08-11,4,planner_export_west_week32.xlsx
SKU001,Central,2026-08-12,12,planner_export_central_week32.csv
SKU002,Central,2026-08-12,10,planner_export_central_week32.csv
SKU003,Central,2026-08-12,24,planner_export_central_week32.csv
SKU004,Central,2026-08-12,5,planner_export_central_week32.csv
SKU005,Central,2026-08-12,13,planner_export_central_week32.csv
SKU006,Central,2026-08-12,8,planner_export_central_week32.csv
SKU007,Central,2026-08-12,7,planner_export_central_week32.csv
SKU008,Central,2026-08-12,5,planner_export_central_week32.csv
SKU001,East,2026-08-12,17,planner_export_east_week32.csv
SKU002,East,2026-08-12,10,planner_export_east_week32.csv
SKU003,East,2026-08-12,23,planner_export_east_week32.csv
SKU004,East,2026-08-12,2,planner_export_east_week32.csv
SKU005,East,2026-08-12,19,planner_export_east_week32.csv
SKU006,East,2026-08-12,13,planner_export_east_week32.csv
SKU007,East,2026-08-12,23,planner_export_east_week32.csv
SKU008,East,2026-08-12,5,planner_export_east_week32.csv
SKU001,North,2026-08-12,5,planner_export_north_week32.xlsx
SKU002,North,2026-08-12,2,planner_export_north_week32.xlsx
SKU003,North,2026-08-12,22,planner_export_north_week32.xlsx
SKU004,North,2026-08-12,4,planner_export_north_week32.xlsx
SKU005,North,2026-08-12,10,planner_export_north_week32.xlsx
SKU006,North,2026-08-12,12,planner_export_north_week32.xlsx
SKU007,North,2026-08-12,33,planner_export_north_week32.xlsx
SKU008,North,2026-08-12,6,planner_export_north_week32.xlsx
SKU001,South,2026-08-12,16,planner_export_south_week32.csv
SKU002,South,2026-08-12,7,planner_export_south_week32.csv
SKU003,South,2026-08-12,36,planner_export_south_week32.csv
SKU004,South,2026-08-12,3,planner_export_south_week32.csv
SKU005,South,2026-08-12,19,planner_export_south_week32.csv
SKU006,South,2026-08-12,8,planner_export_south_week32.csv
SKU007,South,2026-08-12,26,planner_export_south_week32.csv
SKU008,South,2026-08-12,7,planner_export_south_week32.csv
SKU001,West,2026-08-12,11,planner_export_west_week32.xlsx
SKU002,West,2026-08-12,10,planner_export_west_week32.xlsx
SKU003,West,2026-08-12,18,planner_export_west_week32.xlsx
SKU004,West,2026-08-12,7,planner_export_west_week32.xlsx
SKU005,West,2026-08-12,18,planner_export_west_week32.xlsx
SKU006,West,2026-08-12,11,planner_export_west_week32.xlsx
SKU007,West,2026-08-12,23,planner_export_west_week32.xlsx
SKU008,West,2026-08-12,11,planner_export_west_week32.xlsx
SKU001,Central,2026-08-13,16,planner_export_central_week32.csv
SKU002,Central,2026-08-13,11,planner_export_central_week32.csv
SKU003,Central,2026-08-13,7,planner_export_central_week32.csv
SKU004,Central,2026-08-13,5,planner_export_central_week32.csv
SKU005,Central,2026-08-13,14,planner_export_central_week32.csv
SKU006,Central,2026-08-13,7,planner_export_central_week32.csv
SKU007,Central,2026-08-13,32,planner_export_central_week32.csv
SKU008,Central,2026-08-13,5,planner_export_central_week32.csv
SKU001,East,2026-08-13,19,planner_export_east_week32.csv
SKU002,East,2026-08-13,4,planner_export_east_week32.csv
SKU003,East,2026-08-13,23,planner_export_east_week32.csv
SKU004,East,2026-08-13,9,planner_export_east_week32.csv
SKU005,East,2026-08-13,11,planner_export_east_week32.csv
SKU006,East,2026-08-13,11,planner_export_east_week32.csv
SKU007,East,2026-08-13,39,planner_export_east_week32.csv
SKU008,East,2026-08-13,6,planner_export_east_week32.csv
SKU001,North,2026-08-13,13,planner_export_north_week32.xlsx
SKU002,North,2026-08-13,9,planner_export_north_week32.xlsx
SKU003,North,2026-08-13,30,planner_export_north_week32.xlsx
SKU004,North,2026-08-13,6,planner_export_north_week32.xlsx
SKU005,North,2026-08-13,17,planner_export_north_week32.xlsx
SKU006,North,2026-08-13,10,planner_export_north_week32.xlsx
SKU007,North,2026-08-13,13,planner_export_north_week32.xlsx
SKU008,North,2026-08-13,8,planner_export_north_week32.xlsx
SKU001,South,2026-08-13,13,planner_export_south_week32.csv
SKU002,South,2026-08-13,10,planner_export_south_week32.csv
SKU003,South,2026-08-13,11,planner_export_south_week32.csv
SKU004,South,2026-08-13,3,planner_export_south_week32.csv
SKU005,South,2026-08-13,18,planner_export_south_week32.csv
SKU006,South,2026-08-13,6,planner_export_south_week32.csv
SKU007,South,2026-08-13,17,planner_export_south_week32.csv
SKU008,South,2026-08-13,3,planner_export_south_week32.csv
SKU001,West,2026-08-13,16,planner_export_west_week32.xlsx
SKU002,West,2026-08-13,7,planner_export_west_week32.xlsx
SKU003,West,2026-08-13,21,planner_export_west_week32.xlsx
SKU004,West,2026-08-13,9,planner_export_west_week32.xlsx
SKU005,West,2026-08-13,13,planner_export_west_week32.xlsx
SKU006,West,2026-08-13,11,planner_export_west_week32.xlsx
SKU007,West,2026-08-13,32,planner_export_west_week32.xlsx
SKU008,West,2026-08-13,6,planner_export_west_week32.xlsx
SKU001,Central,2026-08-14,12,planner_export_central_week32.csv
SKU002,Central,2026-08-14,8,planner_export_central_week32.csv
SKU003,Central,2026-08-14,13,planner_export_central_week32.csv
SKU004,Central,2026-08-14,5,planner_export_central_week32.csv
SKU005,Central,2026-08-14,14,planner_export_central_week32.csv
SKU006,Central,2026-08-14,10,planner_export_central_week32.csv
SKU007,Central,2026-08-14,21,planner_export_central_week32.csv
SKU008,Central,2026-08-14,7,planner_export_central_week32.csv
SKU001,East,2026-08-14,14,planner_export_east_week32.csv
SKU002,East,2026-08-14,10,planner_export_east_week32.csv
SKU003,East,2026-08-14,15,planner_export_east_week32.csv
SKU004,East,2026-08-14,5,planner_export_east_week32.csv
SKU005,East,2026-08-14,16,planner_export_east_week32.csv
SKU006,East,2026-08-14,11,planner_export_east_week32.csv
SKU007,East,2026-08-14,25,planner_export_east_week32.csv
SKU008,East,2026-08-14,6,planner_export_east_week32.csv
SKU001,North,2026-08-14,15,planner_export_north_week32.xlsx
SKU002,North,2026-08-14,9,planner_export_north_week32.xlsx
SKU003,North,2026-08-14,8,planner_export_north_week32.xlsx
SKU004,North,2026-08-14,4,planner_export_north_week32.xlsx
SKU005,North,2026-08-14,19,planner_export_north_week32.xlsx
SKU006,North,2026-08-14,4,planner_export_north_week32.xlsx
SKU007,North,2026-08-14,24,planner_export_north_week32.xlsx
SKU008,North,2026-08-14,8,planner_export_north_week32.xlsx
SKU001,South,2026-08-14,17,planner_export_south_week32.csv
SKU002,South,2026-08-14,10,planner_export_south_week32.csv
SKU003,South,2026-08-14,29,planner_export_south_week32.csv
SKU004,South,2026-08-14,4,planner_export_south_week32.csv
SKU005,South,2026-08-14,15,planner_export_south_week32.csv
SKU006,South,2026-08-14,6,planner_export_south_week32.csv
SKU007,South,2026-08-14,31,planner_export_south_week32.csv
SKU008,South,2026-08-14,9,planner_export_south_week32.csv
SKU001,West,2026-08-14,8,planner_export_west_week32.xlsx
SKU002,West,2026-08-14,8,planner_export_west_week32.xlsx
SKU003,West,2026-08-14,22,planner_export_west_week32.xlsx
SKU005,West,2026-08-14,19,planner_export_west_week32.xlsx
SKU006,West,2026-08-14,9,planner_export_west_week32.xlsx
SKU007,West,2026-08-14,31,planner_export_west_week32.xlsx
SKU008,West,2026-08-14,7,planner_export_west_week32.xlsx
SKU001,Central,2026-08-15,12,planner_export_central_week32.csv
SKU002,Central,2026-08-15,8,planner_export_central_week32.csv
SKU003,Central,2026-08-15,20,planner_export_central_week32.csv
SKU004,Central,2026-08-15,2,planner_export_central_week32.csv
SKU005,Central,2026-08-15,22,planner_export_central_week32.csv
SKU006,Central,2026-08-15,13,planner_export_central_week32.csv
SKU007,Central,2026-08-15,21,planner_export_central_week32.csv
SKU008,Central,2026-08-15,2,planner_export_central_week32.csv
SKU001,East,2026-08-15,8,planner_export_east_week32.csv
SKU002,East,2026-08-15,7,planner_export_east_week32.csv
SKU003,East,2026-08-15,25,planner_export_east_week32.csv
SKU004,East,2026-08-15,5,planner_export_east_week32.csv
SKU005,East,2026-08-15,11,planner_export_east_week32.csv
SKU006,East,2026-08-15,7,planner_export_east_week32.csv
SKU007,East,2026-08-15,45,planner_export_east_week32.csv
SKU008,East,2026-08-15,8,planner_export_east_week32.csv
SKU001,North,2026-08-15,7,planner_export_north_week32.xlsx
SKU002,North,2026-08-15,12,planner_export_north_week32.xlsx
SKU003,North,2026-08-15,23,planner_export_north_week32.xlsx
SKU004,North,2026-08-15,5,planner_export_north_week32.xlsx
SKU005,North,2026-08-15,16,planner_export_north_week32.xlsx
SKU006,North,2026-08-15,11,planner_export_north_week32.xlsx
SKU007,North,2026-08-15,26,planner_export_north_week32.xlsx
SKU008,North,2026-08-15,8,planner_export_north_week32.xlsx
SKU001,South,2026-08-15,9,planner_export_south_week32.csv
SKU002,South,2026-08-15,12,planner_export_south_week32.csv
SKU003,South,2026-08-15,26,planner_export_south_week32.csv
SKU004,South,2026-08-15,5,planner_export_south_week32.csv
SKU005,South,2026-08-15,6,planner_export_south_week32.csv
SKU006,South,2026-08-15,13,planner_export_south_week32.csv
SKU007,South,2026-08-15,24,planner_export_south_week32.csv
SKU008,South,2026-08-15,5,planner_export_south_week32.csv
SKU001,West,2026-08-15,13,planner_export_west_week32.xlsx
SKU002,West,2026-08-15,8,planner_export_west_week32.xlsx
SKU003,West,2026-08-15,19,planner_export_west_week32.xlsx
SKU004,West,2026-08-15,6,planner_export_west_week32.xlsx
SKU005,West,2026-08-15,10,planner_export_west_week32.xlsx
SKU006,West,2026-08-15,7,planner_export_west_week32.xlsx
SKU007,West,2026-08-15,25,planner_export_west_week32.xlsx
SKU008,West,2026-08-15,3,planner_export_west_week32.xlsx
SKU001,Central,2026-08-16,11,planner_export_central_week32.csv
SKU002,Central,2026-08-16,10,planner_export_central_week32.csv
SKU003,Central,2026-08-16,3,planner_export_central_week32.csv
SKU004,Central,2026-08-16,8,planner_export_central_week32.csv
SKU005,Central,2026-08-16,11,planner_export_central_week32.csv
SKU006,Central,2026-08-16,8,planner_export_central_week32.csv
SKU007,Central,2026-08-16,20,planner_export_central_week32.csv
SKU008,Central,2026-08-16,7,planner_export_central_week32.csv
SKU001,East,2026-08-16,14,planner_export_east_week32.csv
SKU002,East,2026-08-16,2,planner_export_east_week32.csv
SKU003,East,2026-08-16,24,planner_export_east_week32.csv
SKU004,East,2026-08-16,6,planner_export_east_week32.csv
SKU005,East,2026-08-16,23,planner_export_east_week32.csv
SKU006,East,2026-08-16,10,planner_export_east_week32.csv
SKU007,East,2026-08-16,24,planner_export_east_week32.csv
SKU008,East,2026-08-16,7,planner_export_east_week32.csv
SKU001,North,2026-08-16,10,planner_export_north_week32.xlsx
SKU002,North,2026-08-16,7,planner_export_north_week32.xlsx
SKU003,North,2026-08-16,26,planner_export_north_week32.xlsx
SKU004,North,2026-08-16,5,planner_export_north_week32.xlsx
SKU005,North,2026-08-16,11,planner_export_north_week32.xlsx
SKU006,North,2026-08-16,12,planner_export_north_week32.xlsx
SKU007,North,2026-08-16,36,planner_export_north_week32.xlsx
SKU008,North,2026-08-16,5,planner_export_north_week32.xlsx
SKU001,South,2026-08-16,13,planner_export_south_week32.csv
SKU002,South,2026-08-16,9,planner_export_south_week32.csv
SKU003,South,2026-08-16,29,planner_export_south_week32.csv
SKU004,South,2026-08-16,3,planner_export_south_week32.csv
SKU005,South,2026-08-16,20,planner_export_south_week32.csv
SKU006,South,2026-08-16,13,planner_export_south_week32.csv
SKU007,South,2026-08-16,36,planner_export_south_week32.csv
SKU008,South,2026-08-16,6,planner_export_south_week32.csv
SKU001,West,2026-08-16,10,planner_export_west_week32.xlsx
SKU004,West,2026-08-16,6,planner_export_west_week32.xlsx
SKU005,West,2026-08-16,18,planner_export_west_week32.xlsx
SKU006,West,2026-08-16,9,planner_export_west_week32.xlsx
SKU007,West,2026-08-16,23,planner_export_west_week32.xlsx
SKU008,West,2026-08-16,3,planner_export_west_week32.xlsx
